username,phone,company
nshah,+91 93107 28123,Deo-Guha
tanveer55,+91 60681 30294,Sinha Ltd
nsandal,+91 73071 60820,"Dugar, Badal and Bhatti"
pingleudant,+91 77369 28628,"Ahluwalia, Pandya and Sunder"
daniel63, +91 53931 63680 ,"Narang, Balakrishnan and Kapur"
devikavarty,+91 12917 97550,"Kohli, Wadhwa and Varughese"
onveer16,+91 56069 66342,Ahluwalia Ltd
lallaqasim,+91 08375 26017,Rama-Thaman
arya76,+91 41821 05701,Shenoy LLC
gkuruvilla,0392233699,"Sarin, Sarma and Srinivasan"
christopher51,+91 70827 27017,Deol Inc
ddeol,+91 57790 68406,Sehgal Inc
brijesh44,+91 17217 15955,"Thaman, De and Soman"
lnagarajan,71207 86602,Bir Ltd
periharsh,2074043554,Dara LLC
battaanmol,+91 24701 20792,Rout Ltd
madanjagdish,05160 88339,Sha and Sons
balayedhitha,+91 47126 71519,Lad Group
pahal56,+91 31706 26048,"Walla, Bhakta and Borde"
teerth66,+91 93588 58398,"Dhingra, Verma and Borde"
qdeol,+91 54144 14113,Dugar Group
dsalvi,+91 94924 32147,Nagarajan-Bajwa
chandran26,+91 36754 08820,Banerjee LLC
nathaniel56,+91 66571 53157,Iyer Inc
ekbalbalasubramanian,+91 76256 33898,"Bakshi, Kunda and Choudhry"
qkumar,+91 38169 35192,Minhas-Bahl
tanaykakar,+91 65465 26023,"Bahri, Goda and Palla"
khoslaowen,+91 65985 34749,Sankar-Trivedi
caleb42, +91 59407 02287 ,Manne-Mohanty
andrew46,+91 14199 11445,Korpal Group
amaira48,53760 07886,"Kanda, Thakkar and Misra"
dkamdar,null,Hegde LLC
rviswanathan, 0397590705 ,Amble PLC
osoni,+91 23742 42424,"Wali, Sastry and Pandya"
bawatejas,+91 60741 16931,Wadhwa and Sons
naksh76,+91 42047 34186,Chada Group
goursudiksha,+91 81134 55826,Kurian Group
xsule,+91 26506 62503,"Dara, Jhaveri and Ganesan"
vedhikaramaswamy,4186538159,"Dave, Bansal and Dash"
nihaldivan,+91 54167 66145,Devi LLC
balhaar55,+91 52915 49153,Karnik-Kulkarni
kavyalall,null,Lall-Dey
jairajmishra,66176 08670,"Bajaj, Ratti and Swamy"
qkeer,9118136118,Behl-Lata
balveer75,+91 08816 98849,Kar-Pingle
lallacharan,+91 16216 59718,Varty Ltd
vasazayan,25341 51278,Amble-Savant
tristan68, 4750013255 ,Singhal Group
nikitasethi,+91 62326 41526,Acharya-Dey
forumbhagat,null,Dara and Sons
ahujaudarsh,+91 80343 04550,Pandey-Sanghvi
uprabhakar,+91 47065 05624,Pai-Nori
qsidhu,+91 25546 61310,Baral-Bhandari
oseshadri,+91 37804 54201,Samra Ltd
qchahal,+91 85681 76473,Ramaswamy-Memon
omishavaidya,+91 94309 94176,Lalla Ltd
kapursuhani, 43804 35480 ,"Khare, Jhaveri and Chand"
amodi,+91 99683 80922,Gola-Iyengar
banjeet66,+91 03931 05575,Shroff Group
devansh25, 0315292306 ,Varma PLC
meghasankar,6157041675,Brahmbhatt PLC
thamansamar,+91 59427 63169,Boase Group
emajumdar,+91 90339 41130,Nath Inc
agateethan,+91 06068 28048,"Mangat, Seshadri and Som"
kadakiafalguni, +91 21885 68481 ,"Shankar, Shukla and Deep"
rehaan77, 50329 45424 ,Kakar-Chatterjee
ibali,34962 95417,Toor and Sons
anvi70, 54036 66941 ,"Gara, Tak and Batra"
gautam11,+91 76528 51943,Jayaraman-Agarwal
ronithkakar,+91 43485 81095,Varma Inc
zaitrashankar,+91 30625 59060,"Pillai, Mand and Pandit"
bhavika15,+91 62681 94734,Sane PLC
nagikamala,+91 26596 73769,Gupta-Swamy
sandhutejas,48251 04957,"Patla, Pillai and Doctor"
diyabhagat,3793760669,"Pall, Thaman and Rau"
quincy16,+91 21609 45154,Salvi Ltd
ekanta14,+91 11822 77936,"Badami, Chada and Lad"
vaishnavi19,30001 17722,Muni-Gopal
samuel35,92755 43290,"Swaminathan, Kalita and Balakrishnan"
robert64,+91 73517 44922,Tella Inc
snehashroff, 8228414130 ,Shan Ltd
srinivasanudyati,+91 06649 70453,Char LLC
jacob32,+91 73553 28193,Sabharwal-Srinivas
om07,73954 59669,"Thakkar, Grover and Natt"
samarthsalvi,6925407531,Bhatti Inc
mitterandrew,+91 98267 31779,Om-Sehgal
fiyaztrivedi,22486 94257,Kurian Group
lkarpe,+91 62492 18132,Shankar Group
omya57,+91 39377 41177,Butala-Shetty
udyatisarin,+91 48888 66499,Madan-Barman
sawhneytanvi,+91 20573 32278,"Shere, Goyal and Barad"
yashawinimital, 6147545890 ,Karnik-Bala
zashillad,+91 63055 61948,Pillay-Bala
krish60,+91 02591 06002,Raj LLC
yashodhara44,+91 95570 27090,Palan-Deshmukh
savantwidisha,+91 26919 77386,Gole Ltd
lprashad,+91 55641 30572,"Peri, Wali and Krishnan"
amemon,+91 40100 79620,Yogi-Maharaj
teerthsampath,6814991389,Sagar Group
jason92,+91 73738 58308,"Kara, Puri and Taneja"
dalajavenkatesh,02176 67780,Gour-Swaminathan
rkaur, +91 27314 26481 ,"Kalla, Dhaliwal and Chakraborty"
lajitakaur,+91 07572 76956,Lal-Koshy
luthrayash,+91 45930 05366,Raghavan Inc
maanavkakar, +91 58417 70286 ,Peri-Soman
thakkarrishi,+91 11808 96133,Kaur Inc
veda70,+91 20851 22274,Mody-Kant
prisha45,null,Kapur LLC
parsamichael, +91 97548 79325 ,Dixit Group
dalalyauvani,+91 21602 30208,"Nanda, Modi and Basu"
nikitanadkarni,+91 59942 11201,Choudhary-Mammen
yahvikota, +91 87327 00302 ,"Kade, Hayre and Mandal"
mjhaveri,+91 74221 03455,"Kulkarni, Wable and Minhas"
gmurty,8850034497,Varughese-Lad
bhattacharyyaaarini,53901 12166,"Kapoor, Mane and Devi"
mayasaraf,+91 79647 96070,Mandal-Chauhan
pahalbatra,+91 33236 04929,"Savant, Raman and Shanker"
zsinghal,0758165539,Khatri-Badal
yadavi05,+91 43981 57547,"Khurana, Suresh and Chada"
rwable, +91 19575 84419 ,Keer-Ravi
beragunbir, 2716740143 ,Iyer LLC
uagarwal,+91 60334 77675,Edwin Ltd
danielapte,+91 31533 11651,Kurian Group
jzachariah,+91 94307 94548,Dugar LLC
ranaaayush,1776590088,Bhalla PLC
advikupadhyay,+91 74732 01090,Nayak-Chawla
mangalkashish, +91 34837 30198 ,Naik Group
kmore,+91 64609 90154,Apte Inc
annechavvi,4129595756,Sama Inc
finnlalla,+91 60224 75951,Gaba-Sastry
girik32, 04630 43335 ,Natarajan LLC
vasaethan,8446252191,Subramanian Ltd
rajagopalannisha,2576560792,"Prabhakar, Khanna and Goel"
narayananzaitra,+91 09989 01109,Edwin PLC
vohraekiya,+91 93514 56029,Joshi-Lata
yutikachopra,24356 32036,"Seth, Bhatt and Mannan"
anmoldatta,+91 48603 05855,"Sharaf, Rajagopal and Chadha"
chandresh58,4119095636,Goyal Group
murthytanay,+91 85066 69974,Brahmbhatt PLC
mannanvrinda,null,"Nagar, Swaminathan and Bumb"
kalpitchand,+91 27915 82298,"Date, Shetty and Memon"
chaudryladli,+91 70043 19409,Khalsa and Sons
adevan,+91 05021 61365,Balasubramanian-Magar
krishnatriveni,+91 59108 25839,"Minhas, Bora and Rege"
qsengupta,6241215495,Gour LLC
tatadivya,+91 33330 21492,Apte-Kaul
riya62,82245 33714,Dugar-Chaudhary
upasnanatarajan,3120578887,Pai and Sons
chakradevnayar,+91 46730 92485,Uppal-Sethi
lshanker,+91 45788 33584,"Sura, Memon and Prabhu"
