name,email_id,contact_no,address
Vyanjana Pal,rudra35@example.org, +91 05130 06185 ,"49/581, Anand Nagar, Jalna 112836"
Saumya Soman, dakshanarang@example.com ,+91 77232 38779,"51/836, Thaman Marg, Pudukkottai-327361"
Jasmit Muni,xpalla@example.org,+91 38757 54238,"H.No. 28, Dalal Marg, Sri Ganganagar-927216"
Vamakshi Khanna,soodubika@example.net,+91 39377 41177,"43, Halder Street, Ahmedabad-718191"
Nitesh Hari,snehaissac@example.org,+91 24486 10684,"747, Narayanan Marg, Kavali-158307"
Zaid Naidu,urmi87@example.com, 1421711810 ,"H.No. 42, Prakash Zila, Ahmednagar 941557"
 Gaurav Talwar ,rakshanori@example.com,+91 92755 43290,"24, Bansal Path, Tiruvottiyur 601148"
Anirudh Tandon,vincent64@example.org,+91 32089 57365,"83, Ahuja, Kirari Suleman Nagar 647688"
Krish Vyas,parmerfinn@example.com,+91 85066 69974,"H.No. 836, Trivedi Circle, Parbhani-493130"
Mohammed Loyal,lnarula@example.com,+91 59427 63169,"H.No. 76, Sidhu Road, Kota 689477"
 Orinder Maharaj ,ilal@example.com,+91 85834 42772,"H.No. 69, Chacko Zila, Dharmavaram-758132"
Daksha Chand,DAVESAMAR@EXAMPLE.NET,12084 97568,"H.No. 05, Dhaliwal Path, Kamarhati 998704"
Nisha Magar,,+91 99241 66027,"538, Magar, Vijayawada-061790"
 Vedant Soman ,hemani52 at example.org,+91 35484 79913,"40/27, Dara Nagar, Latur-866840"
Ladli Natt,BHAVYADUBEY@EXAMPLE.COM,+91 01724 44035,"55/53, Halder Zila, Kamarhati 609054"
VIRAJ HAYRE,YSOM@EXAMPLE.COM, +91 37342 91734 ,"03/56, Dhar Nagar, Asansol-549332"
Wriddhish Acharya,qhanda@example.com,+91 18838 14073,"215, Lad, Guntakal-776380"
 Janani Dube ,fagate@example.net,+91 72699 70077,"H.No. 308, Sule Path, Patna 915907"
 Charles Sethi , ksheth@example.net , 05326 12115 ,"H.No. 11, Bhat Nagar, Kharagpur 366085"
 Orinder Swamy ,omkaarwagle@example.net,62687 81454,"H.No. 004, Rajagopal, Mangalore 806739"
Jack Rao,SUNDARAMRIA@EXAMPLE.COM,+91 20851 22274,"H.No. 576, Shetty Nagar, Kalyan-Dombivli 056274"
Harish Agrawal,vvyas@example.com,+91 02453 77402,"H.No. 872, Divan Chowk, Vadodara 678401"
Champak Vasa,IANDRA@EXAMPLE.NET,98546 34607,"H.No. 653, Ravi Street, Karnal-845743"
Abhiram Sachdev,AADIGODA@EXAMPLE.NET,+91 21236 10748,"629, Kothari, Solapur-620819"
Nimrat Nagar, prashadamaira@example.com ,+91 13990 38707,"814, Panchal Path, Rampur 096740"
Ayush Singhal,pdhingra@example.net,8245486473,"H.No. 981, Bhatt Road, Dindigul 785393"
 Ria Setty ,krishadugal@example.net, +91 16216 59718 ,"39/59, Dar Ganj, Phusro 981260"
Kala Manda,leena69@example.com,+91 20740 43554,"44/66, Kara Circle, Jalgaon 691581"
Kritika Thakur, OESHI03@EXAMPLE.ORG ,2057332278,"269, Trivedi Path, Baranagar 618100"
Samaksh Dugar, dbumb@example.org ,+91 23206 33995,"327, Sethi Nagar, Amroha 312768"
NEEL CHACKO,warriorpraneel@example.net,+91 95570 27090,"12/134, Bera Marg, Tadepalligudem 466328"
 Ronith Johal ,chakrabartiadvika@example.org,+91 75738 43401,"33/20, Dada Nagar, Kalyan-Dombivli-211109"
Yatin Nanda, parsayuvraj@example.com ,+91 30515 62409,"35/63, Cherian Circle, Moradabad 754677"
Sudiksha Sanghvi,harita02@example.com,+91 76885 64797,"45/35, Rajagopalan Path, Madanapalle-195818"
Vedant Raval,FALAKAGARWAL@EXAMPLE.NET,+91 77391 51546,"H.No. 221, Natt Nagar, Bhubaneswar 206450"
Isha Chhabra, WGOLE@EXAMPLE.COM ,34837 88676,"H.No. 62, Sarkar Nagar, Pallavaram 076327"
 Ayushman Sani , wapte@example.net ,+91 92574 70604,"349, Setty Nagar, Chinsurah 712282"
Saksham Gopal,RAJANHARSHIL@EXAMPLE.COM, +91 68149 91389 ,"H.No. 825, Bahl Marg, Kottayam 999048"
Nidra Bumb,urvashi54@example.com,+91 43804 35480,"56, Thaker Road, Mathura-778843"
Zinal Kant, pmishra@example.org ,+91 34055 53148,"45/628, Dasgupta Nagar, Bhopal 281119"
Chakrika Gade,ebhat@example.com,+91 98134 94799,"H.No. 819, Tandon Chowk, Firozabad-768881"
Dalbir Pillay,, +91 77369 28628 ,"H.No. 44, Chandra Path, Dehradun 901173"
Gautam Ben, walibina@example.com ,+91 51344 48350,"848, Rajagopalan Circle, Ichalkaranji-679490"
Guneet Ramachandran,dasswilliam@example.org,+91 21602 30208,"484, Talwar Ganj, Chittoor 984931"
Vansha Madan,MUKHOPADHYAYVEER@EXAMPLE.COM,+91 56069 66342,"52, Gulati Road, Muzaffarnagar 431228"
Amaira Devan,vedhika70@example.org,41295 95756,"74/20, Sethi Path, Chandigarh 962253"
Vasudha Venkataraman, IRA15@EXAMPLE.COM ,+91 05731 52435,"68, Ben Ganj, Deoghar-020003"
 ANVI MERCHANT , rattajasmit@example.org ,+91 47500 13255,"70/538, Barad Marg, Tiruppur 716705"
Girish Batra, cedwin@example.org , +91 05429 56284 ,"00, Bava Circle, Bally 648000"
 Indira Mani ,solankiwidisha@example.org,17765 90088,"25/90, Agate Chowk, Mehsana 444080"
Nandini Naidu, CHAMPAK36@EXAMPLE.COM ,+91 47065 05624,"05/517, Pau Ganj, Gorakhpur 635015"
 ARYAN BALASUBRAMANIAN ,nitaramalhotra@example.com,1767083408,"H.No. 47, Bath Path, Moradabad 303251"
Qushi Kumar,knagar@example.org,+91 39554 47409,"34/337, Sarna Road, Phagwara-754012"
Baljiwan Balay, sai63@example.net ,+91 30657 32733,"42/822, Tank Street, Ulhasnagar-445387"
Maanas Dugal, BHARGAVATRISTAN@EXAMPLE.NET ,+91 05021 61365,"H.No. 635, Shankar Road, Phusro-039112"
 Barkha Dass ,geranidra@example.org,70183 82578,"436, Gara Nagar, Mira-Bhayandar-784127"
 ISAAC BAINS , xkant@example.org ,+91 17596 72501,"96, Parekh Road, Ambarnath 740708"
Aadi Chaudhry,chaayadyal@example.org, +91 68901 27176 ,"H.No. 945, Biswas Zila, Guntakal 613284"
Aradhana Bir, ANJALI27@EXAMPLE.COM ,6460990154,"365, Bhasin Path, Madurai-259198"
Geetika Subramanian,TEERTHDIXIT@EXAMPLE.ORG, +91 03046 42601 ,"053, Luthra Path, Tadipatri-161060"
 Vasana Gaba ,xchaudhry@example.net,+91 11822 77936,"H.No. 118, Ramaswamy Ganj, Pondicherry 261533"
Eshana Tak,ishitamannan@example.org,7973711249,"H.No. 957, Madan Chowk, Rajkot-223995"
 NAKSH HARI ,jeevika89@example.net,89121 06146,"H.No. 87, Sharaf Street, Jorhat 947222"
Michael Boase, karidev@example.net ,+91 11969 28526,"52/89, Parikh Ganj, Durgapur 499840"
 Neelima Chahal ,DARSH83@EXAMPLE.ORG,+91 49677 14148,"H.No. 676, Sawhney Road, Aligarh 869364"
Deepa Manne,choudhryjasmit@example.net, 51282 02725 ,"918, Peri Road, Latur-109977"
Netra Khalsa,ZAYAN49@EXAMPLE.COM,+91 35839 11622,"66, Ganesan Road, Kochi-345378"
Ranbir Dutta,JANANI06@EXAMPLE.ORG,null,"H.No. 771, Ramesh, Raipur 237405"
Ganga Palan,HKANT@EXAMPLE.NET,+91 08816 98849,"H.No. 61, Venkataraman Street, Fatehpur-420506"
 Radha Shroff ,EWALIA@EXAMPLE.ORG,+91 86821 14643,"578, Karan Ganj, Indore-176130"
Baljiwan Iyer, ronith35@example.com ,20147 12007,"H.No. 26, Khosla Marg, Gulbarga 503392"
Rachana Talwar,perigirindra@example.org, +91 81526 40567 ,"H.No. 31, Prashad Marg, Shahjahanpur-110373"
Zashil Manne,qbatra@example.net,13792 10349,"H.No. 346, Patel Road, Hapur-745336"
HARINAKSHI KRISHNAMURTHY,DHILLONJAGRATI@EXAMPLE.NET, +91 98267 31779 ,"H.No. 562, Tella, Bidar-786602"
Isaiah Johal,aoza@example.net,+91 62326 41526,"H.No. 40, Nagy, Hyderabad 236750"
,darpan99@example.com,+91 91318 52799,"08, Badal Nagar, Erode 731251"
Urishilla Pal,fariqraghavan@example.org, +91 54036 66941 ,"72/292, Tata Path, Kulti 133304"
Xalak Gandhi,harini84@example.org,+91 58099 30626,"H.No. 76, Vala Road, Gorakhpur-860730"
Urishilla Setty, vsule@example.com ,+91 76528 51943,"23, Deep Road, Kurnool-226833"
Krish Koshy,mrastogi@example.com,+91 20787 87723,"59/95, Bora, Panvel 410188"
Ronith Devan, falak98@example.org , +91 42047 34186 ,"63/663, Sampath Street, Bellary 169459"
Eiravati Dua,aadhya80@example.com,+91 16879 70398,"59, Kala Ganj, Ramgarh 802366"
Pahal Sarin,vbhagat@example.net,+91 49069 06450,"54/013, Ram Street, Bharatpur-066175"
Aashi Zacharia, qrout@example.net , 3120578887 ,"41/21, Verma Nagar, Panipat 375476"
Brinda Wali,jsankaran@example.com,80882 76066,"H.No. 36, Subramanian Nagar, Raipur 202915"
Matthew Chaudhari, bhavsarvedika@example.com ,9298926410,"H.No. 217, Tank Nagar, Aurangabad 527076"
Dhruv D’Alia,ychar at example.com,+91 12404 71267,"921, Saini Ganj, Dindigul 841639"
Kashish Menon, pnagar@example.org ,+91 81134 55826,"H.No. 11, Char Chowk, Moradabad 399800"
JEEVIKA JOSHI,wdhingra@example.com,+91 58417 70286,"84/53, Bora Chowk, Giridih 860034"
Omaja Master,sabharwalanvi@example.net,94583 51779,"69/210, Ratta Street, Nagaon 744505"
 Chandresh Varughese ,onkarraju@example.org,+91 64652 48615,"55, Tella, Unnao-946275"
 Ryan Karnik ,cmodi@example.org,+91 70041 17709,"63/139, Mishra Circle, Mango-858832"
Azaan Nagi, SENCHATURA@EXAMPLE.COM ,6288114693,"23/177, Rajan Zila, Ratlam-836707"
Janya Parmar,girikmodi@example.org, +91 85771 31209 ,"11/430, Ghosh Path, Asansol 755267"
UDYATI EDWIN,neelimaranganathan@example.com,+91 09991 33921,"80, Pandya Zila, Panvel-075752"
 Chanchal Bala ,bumbaarav@example.com, +91 44966 52897 ,"H.No. 64, Varma Zila, Sambalpur-494949"
Tanay Warrior,gsengupta@example.com,+91 48979 47596,"H.No. 02, Ahluwalia Nagar, Thanjavur 231458"
Victor Sama,ishaansarraf@example.com,38000 14707,"896, Sheth Circle, Jehanabad-303080"
Warjas Kalita,xbalan@example.org,+91 49408 23642,"32, Bhalla Path, Nizamabad 837269"
Ishanvi Arya,doctorchatura@example.org,+91 66148 53255,"73/31, Arora Street, Katihar 809293"
Gaurang Peri,netradoctor@example.net,+91 33741 11068,"49/40, Dhaliwal Path, Nadiad-157367"
Netra Chander,qkhurana@example.com,+91 94552 75515,"H.No. 307, Dugal Circle, Bhalswa Jahangir Pur-051077"
EKANTIKA HARI,amrutakapur@example.net,+91 87455 77329,"566, Nagarajan, Kurnool-882040"
SAKSHAM PRABHU,cmanne@example.com,+91 58157 79135,"58/28, Chacko Marg, Moradabad-063005"
Adweta Issac,imarandara@example.com,12-AB,"84/481, Tandon Nagar, Sagar-754488"
Urmi Gour,ragate@example.org,+91 70043 19409,"H.No. 46, Varma Ganj, Bhimavaram 405373"
Pahal Mander,kariisaac@example.org,+91 11793 05351,"058, Kibe Chowk, Avadi-054933"
Zehaan Kala,bsachdev@example.com,5616242027,"H.No. 571, Padmanabhan Zila, Bhind 991655"
Rohan Badal,teerth50@example.org,+91 58805 23080,"03, Gera Path, Shivpuri 817457"
IRYA SULE,,+91 35642 85709,"H.No. 119, Mital Nagar, Junagadh-665811"
 Anita Bhandari ,shanvinaya@example.org,+91 01177 37538,"H.No. 757, Hans Zila, Munger-824694"
Qarin Narain,amairaprakash@example.com,+91 11403 98171,"14, Kade Zila, Bhagalpur 960593"
Dev Desai,sekhonsachi@example.com,+91 98708 01969,"63/37, Mohanty Circle, Tiruvottiyur 842148"
Ishita Dua,pandyaanika@example.net,+91 60224 75951,"H.No. 073, Mistry Street, Noida 985926"
Yashodhara Narain, triyamander@example.com ,56816 29638,"970, Hari Chowk, Hosur 343410"
HARINAKSHI SANDAL,gavin02@example.net,+91 27864 98819,"94/017, Mohanty Street, Aizawl-350442"
Warda Apte, nathan98@example.com ,+91 72864 70945,"H.No. 914, Chhabra Path, Satara-062992"
 MITALI BHATNAGAR ,advaysridhar@example.org,+91 55037 58881,"173, Guha, Miryalaguda-993062"
Netra Deol,kairatta@example.net,+91 56226 91036,"496, Mahajan Chowk, Gopalpur-208957"
Zansi Sabharwal,asankaran@example.org,+91 95760 52355,"H.No. 48, Venkatesh Zila, Muzaffarnagar-577354"
Ekavir Jha, indali45@example.org ,+91 42549 22356,"91/32, Chowdhury Nagar, Raiganj 200724"
Chaaya Mane, krishnasen@example.net , +91 58718 08130 ,"H.No. 068, Vasa Road, Morena 131209"
Nathan Das,alka91@example.com, 71733 73711 ,"238, Brar Circle, Jalna-346079"
Ryan Kannan,,+91 39434 43863,"64/101, Bains Road, Nangloi Jat-794785"
Ekta More,,+91 33496 74914,"98, Shanker Nagar, Anantapur-282027"
Gabriel Chanda,NADIGLAVANYA@EXAMPLE.NET,+91 49643 94215,"H.No. 61, Gera Marg, Saharanpur-278745"
Udarsh Sura,NATHAN84@EXAMPLE.NET,4818134577,"32, Gole, Siliguri 633995"
Bhavya Prakash,qabil01@example.org,+91 12917 97550,"71, Boase Road, Ambala 170181"
 Vedhika Golla ,obehl@example.com,+91 07597 84162,"051, Radhakrishnan Path, Bilaspur 982454"
Charles Badami,vrishti06@example.com,+91 74732 01090,"38, Chand Nagar, Pallavaram-711576"
Rajeshri Chander,ichaudhari@example.net,+91 00537 83464,"H.No. 79, Chowdhury Chowk, Haridwar 083408"
 Yashoda Banik , tchahal@example.org ,+91 76357 41549,"H.No. 823, Mallick Marg, Kochi 084975"
Rayaan Morar,gabrielshah@example.org,+91 57291 37526,"72/965, Dugal Chowk, Ambattur-657327"
Saumya Tata,ncomar@example.com,+91 77937 55791,"58/34, Devan Road, Madhyamgram-051300"
Wriddhish Naik, dkapur@example.org ,5155606299,"55/81, Shukla Path, Srinagar-595721"
Rajeshri Kara,MAANAS08@EXAMPLE.ORG,97978 35961,"738, Vyas Marg, Solapur 464386"
Baljiwan Murty, manan77@example.net ,+91 40807 97214,"14/24, Sarma Path, Kottayam 470945"
Agastya Kala,lakshmi29@example.com,3496295417,"87, Chokshi Circle, Karimnagar-808827"
Raksha Ravel,owen85@example.net,+91 28955 17263,"66/829, Rana Zila, Raipur-976357"
 BRINDA RANGANATHAN ,hamsiniahluwalia@example.com, 82916 31849 ,"H.No. 49, Chahal Street, Bellary 107484"
Shaurya Soman,npatel@example.org,null,"52, Taneja Circle, Hazaribagh 947596"
Jatin Sidhu,OSHANKER@EXAMPLE.ORG,+91 14037 17947,"H.No. 75, Dhar Road, Dibrugarh-959360"
 BAGHYAWATI SWAMINATHAN , sanaya32@example.org ,+91 05160 88339,"H.No. 87, Venkatesh Zila, Ambala-306288"
Chandresh Barad,patwal@example.net, +91 22486 94257 ,"H.No. 69, Johal Ganj, Katni 101662"
Madhav Zachariah,MUGDHA73@EXAMPLE.COM, +91 22823 17393 ,"485, Dugar Road, Sonipat 428570"
William Khurana,omkaar94@example.com,87245 49161,"H.No. 03, Venkataraman, Jaunpur 689012"
Zaitra Jhaveri,HSURI@EXAMPLE.ORG,+91 80167 37115,"69, Ganesh, Raipur-602700"
 Ekansh Contractor ,ikshita98@example.org,+91 41701 81095,"83, Sankaran Road, Solapur 793053"
 Omkaar Dewan ,watika50@example.org, 6033477675 ,"57, Vyas Ganj, Rajahmundry 011196"
Chaitanya Parsa,yanne@example.net,+91 57110 66927,"655, Jayaraman Nagar, Mau-646524"
Divya Misra,dbajwa at example.com,69869 63563,"H.No. 69, Sanghvi Circle, Kamarhati-632978"
Ekalinga Bir,mukhopadhyaybishakha@example.com,4825104957,"81, Deep Path, Shimoga-567142"
Yauvani Pandit, sacharomisha@example.com ,+91 99683 80922,"H.No. 181, Gupta Nagar, Tiruppur 438630"
Gayathri Chatterjee,WALIQASIM@EXAMPLE.COM,+91 46730 92485,"612, Brahmbhatt Zila, Phusro 997264"
ONKAR LALL, dchaudhry@example.org , 47099 97001 ,"H.No. 674, Shah, Surat-057315"
SHAURYA CHOPRA,balveerpal@example.com,+91 69254 07531,"505, Dhar Road, Silchar-842737"
 Fariq Puri ,bedidevika@example.org,0442750914,"849, Sankaran Nagar, Alappuzha-508912"
Krishna Sunder,hsangha@example.com,+91 10039 51725,"14, Mallick Marg, Arrah 755151"
Leena Kata,daksheshkala@example.com, +91 80825 57700 ,"21/03, Halder Road, Nashik-553148"
Rajeshri Pandey,zviswanathan@example.com,+91 99362 23881,"144, Goda Marg, Amritsar 596725"
 Atharv Manne ,thora@example.org,3117713335,"H.No. 13, Mitra Road, Katihar 501883"
 Devansh Lata ,yadavisengupta@example.com,+91 20734 85482,"07/340, Amble Circle, Udupi 214779"
 Vritti Dhillon ,AZAANGOEL@EXAMPLE.ORG,7298269020,"H.No. 57, Bose, Saharsa-040190"
Praneel Rai,UPKAAR04@EXAMPLE.COM,+91 29593 60684,"185, Sarma Street, Shimla-052355"
Aryan Parikh,zhanda@example.com,37804 54201,"H.No. 54, Dani, Gwalior-999133"
Chakradev Mahajan,kritika60@example.org,+91 29789 88636,"45/83, Chand Path, Bahraich-681629"
 Yatan Vyas ,inaya93@example.org, +91 45930 05366 ,"42/54, Divan, Korba-638000"
Harini Keer,ESARAN@EXAMPLE.NET,1957584419,"07, Uppal Path, North Dumdum 308039"
Kritika Date, xalakwable@example.net ,1033351730,"H.No. 47, Bava Road, Amroha 498819"
Mahika Thakur,,27372 98638,"39/11, Dubey Marg, Malda-041177"
 KAMYA RAGHAVAN , DEEPARAMAN@EXAMPLE.COM ,7082727017,"H.No. 183, Edwin Circle, Jaunpur 399038"
Samuel Bir,karanwyatt@example.net,null,"01, Swamy Zila, Ambattur-538124"
VRINDA NATARAJAN,chameli19 at example.org,+91 14199 11445,"12, Som Marg, Navi Mumbai 056211"
NEEL BAVA, LAVANYA89@EXAMPLE.ORG ,+91 87100 56211,"323, Shankar Circle, Mahbubnagar-687970"
Riya Bath,saumyabalakrishnan@example.net,+91 59108 25839,"982, Bedi Marg, Kalyan-Dombivli-574706"
Rayaan Halder,parthmitra@example.net,+91 41865 38159,"08/25, Subramanian Path, Meerut 276587"
Krisha Srinivasan,ADVAITHDEVAN@EXAMPLE.COM,+91 52915 49153,"08, Ramakrishnan Nagar, Kolkata 949643"
Upasna Sodhi,ahluwaliareyansh@example.com,+91 91997 26473,"H.No. 577, Chopra Ganj, Amravati 460759"
Pahal D’Alia,sridharjeevika@example.com,06781 65928,"H.No. 620, Muni Street, Ambattur-740206"
Vasatika Raju,daksh48@example.com,+91 47296 57287,"59, Srinivasan Street, Kurnool-112499"
Wridesh Rajan,avi98@example.org,+91 37693 10166,"H.No. 94, Chaudry Chowk, Patiala 351730"
Aarna Balakrishnan,,08375 26017,"H.No. 485, Goel Ganj, Tiruvottiyur-084969"
GAUTAM SAWHNEY, GUPPAL@EXAMPLE.ORG ,+91 21954 91748,"13, Bath Street, Tadipatri-073242"
Zehaan Kothari,bimala80@example.org, 73954 59669 ,"338, Bhattacharyya Marg, Nashik-061920"
Atharv Ratti, dalalyagnesh@example.net ,+91 10849 69606,"38, Patil Ganj, Nizamabad 140208"
 Ekta Gaba ,urishilla46@example.net,+91 80968 10969,"69, Narang Nagar, Srikakulam 527840"
Michael Brahmbhatt,LNAYAK@EXAMPLE.COM,+91 74221 03455,"57/473, Chauhan Circle, Rajpur Sonarpur-085843"
Faras Kara,reyanshnadkarni@example.org, +91 96546 18345 ,"97, Krishnan Nagar, Kolhapur-704436"
Urvashi Prakash,FMANDA@EXAMPLE.NET,+91 65465 26023,"74, Dasgupta Road, Muzaffarnagar 974237"
Anamika Naik,NATHAN65@EXAMPLE.COM,+91 23763 70247,"H.No. 586, Vig Circle, Nashik 812363"
Hema Zachariah,chakrabartirehaan@example.org,+91 95721 01373,"33/551, Karnik Chowk, Bhatpara-248029"
Zaitra Dutta,henry04 at example.net,null,"H.No. 867, Oak Path, Hyderabad-570243"
Advika Hayre,lallhenry@example.com,+91 48888 66499,"40/466, Mitra Road, Muzaffarnagar 344418"
 Gunbir Kapadia ,,+91 27658 70360,"H.No. 691, Palla Marg, Tiruppur-157220"
 Utkarsh Cheema ,dhillonkrishna@example.org,+91 49321 44622,"939, Barad Circle, Hapur-051534"
 Jeevika Kapur , NMAHAJAN@EXAMPLE.COM ,+91 86078 14245,"379, Saha Road, Haldia 864136"
Vasudha Swaminathan, rajeshrinarayan@example.net ,+91 94309 94176,"69, Mangat, Hajipur 686250"
SATHVIK CHAKRABARTI,ayushman94@example.org, +91 41190 95636 ,"H.No. 66, Thakur Chowk, Kishanganj 776082"
CHATURA DASS,xaviersidhu@example.net,5416766145,"79/08, Sarna Circle, Amroha 458697"
AYUSH BHAGAT,pallanvi@example.net,+91 61475 45890,"62/69, Mandal, Gwalior-085136"
