full_name,email,mobile_number
 GUNEET RAMACHANDRAN ,dasswilliam@example.org,2160230208
Agastya Kala, lakshmi29@example.com ,34962 95417
Gaurav Talwar,rakshanori at example.com,9275543290
,RAJANHARSHIL@EXAMPLE.COM, 6814991389 
Yatan Vyas,inaya93@example.org,4593005366
HARINI KEER, esaran@example.net ,1957584419
 Vrinda Natarajan , CHAMELI19@EXAMPLE.ORG ,14199 11445
,mukhopadhyaybishakha@example.com,4825104957
Zaitra Dutta,HENRY04@EXAMPLE.NET, 27915 82298 
Vasana Gaba,xchaudhry@example.net,11822 77936
Neel Chacko,WARRIORPRANEEL@EXAMPLE.NET,9557027090
Vasudha Swaminathan,rajeshrinarayan@example.net,9430994176
 Riya Bath ,SAUMYABALAKRISHNAN@EXAMPLE.NET,59108 25839
Advika Hayre,lallhenry@example.com,48888 66499
Gayathri Chatterjee,waliqasim@example.com,4673092485
 AASHI ZACHARIA ,qrout@example.net,31205 78887
Krisha Srinivasan, advaithdevan@example.com ,5291549153
 Shaurya Chopra ,balveerpal@example.com,6925407531
 Ishita Dua ,pandyaanika@example.net,60224 75951
 Jeevika Joshi , wdhingra@example.com ,58417 70286
 Urishilla Pal ,fariqraghavan@example.org,54036 66941
Mohammed Loyal,lnarula@example.com,59427 63169
INDIRA MANI,solankiwidisha@example.org, 1776590088 
Nandini Naidu,champak36@example.com,47065 05624
Aradhana Bir,anjali27@example.com,6460990154
Jack Rao,SUNDARAMRIA@EXAMPLE.COM,2085122274
Charles Badami,vrishti06@example.com,74732 01090
Kamya Raghavan, deeparaman@example.com ,70827 27017
 Ayush Bhagat , pallanvi@example.net ,6147545890
Dalbir Pillay,gardelogan@example.org,7736928628
Baghyawati Swaminathan,SANAYA32@EXAMPLE.ORG,0516088339
 Chandresh Barad , patwal@example.net ,2248694257
Urmi Gour, ragate@example.org , 70043 19409 
 Nidra Bumb ,urvashi54@example.com, 4380435480 
Ria Setty,krishadugal@example.net,1621659718
Krish Vyas,parmerfinn@example.com,8506669974
Rayaan Halder,parthmitra@example.net,41865 38159
Amaira Devan,vedhika70@example.org,41295 95756
Sathvik Chakrabarti, ayushman94@example.org ,4119095636
Zehaan Kothari,,null
Michael Brahmbhatt,lnayak@example.com,null
 Yauvani Pandit ,sacharomisha@example.com,99683 80922
Anvi Merchant,RATTAJASMIT@EXAMPLE.ORG, 4750013255 
 Harinakshi Krishnamurthy ,dhillonjagrati@example.net,null
 URVASHI PRAKASH , FMANDA@EXAMPLE.NET ,65465 26023
Aryan Parikh,ZHANDA@EXAMPLE.COM,3780454201
Kala Manda,leena69@example.com,2074043554
Maanas Dugal, bhargavatristan@example.net ,05021 61365
Ganga Palan,hkant@example.net,0881698849
 Omkaar Dewan ,, 60334 77675 
Ronith Devan,falak98@example.org,4204734186
Vamakshi Khanna,soodubika@example.net,3937741177
Kashish Menon,pnagar@example.org,81134 55826
Chatura Dass,xaviersidhu@example.net,54167 66145
Bhavya Prakash,qabil01 at example.org,12917 97550
Vansha Madan,mukhopadhyayveer@example.com,5606966342
Aarna Balakrishnan,chandran21@example.net,08375 26017
Isaiah Johal,AOZA@EXAMPLE.NET,62326 41526
 Kritika Thakur ,oeshi03@example.org,2057332278
 Urishilla Setty ,vsule@example.com, 7652851943 
Atharv Manne,THORA@EXAMPLE.ORG,31177 13335
Viraj Hayre,YSOM@EXAMPLE.COM, 3734291734 
Gautam Sawhney,guppal@example.org,2195491748
Anamika Naik, nathan65@example.com ,2376370247
Krishna Sunder, hsangha@example.com ,10039 51725
, sekhonsachi@example.com , 9870801969 
Chaitanya Parsa,YANNE@EXAMPLE.NET,5711066927
Rajeshri Kara,,97978 35961
 Janani Dube ,fagate@example.net,72699 70077
,kairatta@example.net,56226 91036
Gaurang Peri, netradoctor@example.net ,3374111068
Geetika Subramanian,teerthdixit@example.org,03046 42601
Raksha Ravel, owen85@example.net ,2895517263
Adweta Issac,IMARANDARA@EXAMPLE.COM,null
Faras Kara,REYANSHNADKARNI@EXAMPLE.ORG,96546 18345
RAYAAN MORAR,gabrielshah@example.org,57291 37526
 Nathan Das ,,7173373711
 Krish Koshy ,mrastogi@example.com,20787 87723
 Onkar Lall ,dchaudhry@example.org,4709997001
Isha Chhabra,wgole@example.com,3483788676
Bakhshi Vasa,boralopa@example.net, 05313 62676 
Sanya Chandran,bhaktanandini@example.com, 95021 77691 
Warda Taneja,PTRIPATHI@EXAMPLE.NET,0401465535
Nitara Borde, BDHAR@EXAMPLE.NET ,33535 83937
 Daksh Behl ,wsrivastava@example.com,2399734408
Kai Sachdev,APTEWRIDESH@EXAMPLE.COM,8408377618
Zaid Swaminathan,elijah11@example.org,88689 15070
Avi Kala, mangatqushi@example.com ,73644 21328
Nilima Bhandari,groveryashasvi@example.net, 0079789957 
Falguni Chawla,adey@example.org,6490781332
Chasmum Borra,matthew16@example.com,7657670260
Aashi Ramesh,,88225 32555
 Ati Parekh ,vidhi29@example.org,21324 22644
Raksha Pandey,neelimasekhon@example.net,5192237288
Shivani Kalita, siyajaggi@example.com ,0438459947
Girish Dayal,talwarsaanvi@example.net,3966627907
Triya Grewal,anamikatank@example.org,30967 31435
 Aadi Ben ,kibebhavika@example.net, 1720307428 
Suhani Uppal,bsastry@example.org,7497384184
Tanish Bumb,leeladubey@example.com,13134 88892
Lakshmi Pingle,GOPALHARSH@EXAMPLE.COM,null
Omaja Chowdhury,kumarbaljiwan@example.org,68422 29548
Nidra Pandit,RANVEER53@EXAMPLE.ORG,4299597071
Wazir Pant,samarthtaneja@example.org,50300 11117
 Vasatika Konda , chasmum08@example.net ,5465175646
ARIN ZACHARIA,rakshasha@example.net,51793 97430
 Gavin Tella ,ktripathi@example.org, 6500929750 
Azad Sehgal,SUNDERWARJAS@EXAMPLE.COM,1933196548
Aadhya Din,KANNANKRISH@EXAMPLE.NET, 6995635921 
Ayaan Tak,nwagle@example.net, 5582212125 
,agastya78@example.org,12-AB
Umang Gara, wsarin@example.net ,19829 31394
Prisha Taneja, GALANANDINI@EXAMPLE.ORG ,12-AB
Parth Peri,olivernazareth@example.com,7127229377
Oliver Chhabra, niteshmahajan@example.org ,14291 54257
Odika Mani,isha19@example.org,9405338418
SAI SHA,zilmilbalakrishnan@example.com,42302 23966
Yoshita Mandal,aachal73@example.net,3925768259
Mitali Sandhu,,4197483650
Chaitanya Sandal,GJAIN@EXAMPLE.COM,6988926575
JANYA BHATNAGAR,wdugal@example.org, 87273 47943 
Advaith Sastry,OJAS87@EXAMPLE.NET,6870924421
UPASNA KARA,jatin84@example.org,6002073613
Ekavir Iyer,YASHODHARA89@EXAMPLE.ORG, 7921751586 
 Meera Dora ,ATI96@EXAMPLE.ORG,10380 44044
Nisha Virk, LUCKY22@EXAMPLE.NET ,34006 37783
Abha Lad, EKAJASHAH@EXAMPLE.ORG ,1021309358
Girish Naik,jayaramancaleb@example.org,9135267625
Jai Chauhan,settyisha@example.com, 10443 26823 
Ishanvi Chokshi,znori@example.com,5205201225
 HEMANI CHERIAN ,nkrish@example.net,3865626962
Arya Kale,purijagvi@example.org,53489 00684
Nitesh Soni, chandran19@example.org ,7081115566
Henry Rama,bhanumati86@example.net,7046381228
Lajita Jaggi,joshua15@example.com,2393805545
 Onkar Brar ,HARSHILDUA@EXAMPLE.COM, 3615713860 
Aditya Nayar,ektabhargava@example.org,26744 43792
 Siddharth Bhavsar ,RAYAANCHATTERJEE@EXAMPLE.ORG, 5756331280 
Kevin Johal, KKURUVILLA@EXAMPLE.COM ,2013154620
Pratyush Bandi,idas@example.com,22110 62955
Qasim Khosla,,19224 41512
EKARAJ PALL,nicholas57@example.net,1631293064
David Nair,robertlanka@example.org,2278132992
PARTH JHAVERI,doshimaanav@example.org, 8682742488 
Nidra Kale,janujasengupta@example.com,null
Divya Krishnan,SUNDERBHAVANI@EXAMPLE.NET,0323352542
Meera Murthy,PUROHITQARIN@EXAMPLE.COM,14451 84962
 Sachi Mutti ,vgopal@example.com,5933532954
Bina Sathe,SARTHAK68@EXAMPLE.COM,82498 41170
Lucky Lata,lucky16@example.org,25720 18123
LUKE BHATIA,YHEGDE@EXAMPLE.ORG,null
Tanmayi Dugar,sidhuhiral@example.org,22951 08099
Nisha Dani,khannabrijesh@example.com,43985 48423
Bachittar Mane, samar40@example.org ,83286 52374
Yash Sem,gkaur@example.org,63921 68818
Gavin Kanda,kadakiajeevika@example.net,03854 44777
Samarth Parmar,madhavishere@example.com,9657157863
Eesha Dasgupta,kuruvillachasmum@example.org,35898 89150
Lipika Venkatesh,,64921 09265
Advik Oak,CHARANCHAKRABORTY@EXAMPLE.ORG,null
Kashish Krish,ynagi@example.org,0930195408
 Rajata Gopal , vedant48@example.net ,15553 49099
 Azad Purohit , warhi08@example.org ,26817 92606
Ethan Prasad,omya67@example.org,null
 Panini Koshy ,DHINGRANAVEEN@EXAMPLE.NET,1094223573
Tejas Issac,nayakhiral@example.com,00128 59673
Udant Ranganathan,patlaria@example.net,68472 55843
Yatin Raval,gaderadhika@example.com,4549471334
Aradhana Mani,waidaganguly@example.com,0743642037
, timothybora@example.org ,59284 91374
 Nakul Badami ,handafaris@example.com, 9552110343 
 OESHI GOLLA ,DEOLMOHAMMED@EXAMPLE.ORG,3550238827
Andrew Sahni,jeevikamurthy@example.org,93235 52914
Noah Mallick,isaiah51@example.org, 13965 68739 
MITALI KANDA,gandhisamuel@example.org,08708 89952
Baghyawati Deep,vasudhathaker@example.org,19017 72177
Jeremiah Gandhi,IVASA@EXAMPLE.COM,73158 31903
Mason Menon,ryan44@example.org, 3244115834 
 Chatresh Sanghvi ,,3876672853
,iramadan@example.org,8349388598
Aashi Memon,falan84@example.net,3271015681
Kiaan Nanda,shivanshnarang@example.org,50833 21155
DIVYA MANGAL,brindawalia@example.com, 98373 51583 
Ekalinga Sodhi,DIXITGAURIKA@EXAMPLE.NET,6995076298
Pranit Baral,thakurfaraj@example.org,68368 71147
BISHAKHA BHAVSAR,AARNAVSHARAF@EXAMPLE.NET,68450 24300
Anusha Narayan,LUCKYNIGAM@EXAMPLE.ORG,3644973398
Zaitra Bajaj,vincent98@example.com,70514 41123
Amara Gole,theodoredixit at example.net,98576 50487
ETA GROVER,vidhimadan@example.com,85005 36362
Krishna Dara,gvora@example.net,8474879698
 Charan Jha ,aradhana44@example.com,78549 33517
WARHI RAVEL,urvashi15@example.com, 38957 94066 
Yatan Khalsa,yashodhara98@example.net, 5811322967 
 Hemangini Balay ,kkumar@example.org,78105 53794
Charles Dhawan,upall@example.org,3467052984
 Upma Mangat ,singhrehaan@example.org,22793 28924
DAKSH KATA, chaudharyjhalak@example.com ,9869625449
Yasti Bhattacharyya,ishani53@example.com, 6350428071 
Oliver Ratti,srinivasanjonathan@example.com,41406 20214
