email_address,name,contact_no
nadkarnigayathri@example.net,GAURAV SHENOY,55881 47030
ishita78@example.net,AASHI WASON,7096516618
sanaya32@example.org,BAGHYAWATI SWAMINATHAN,05160 88339
mallvansha@example.net,Ojasvi Wable,00929 97509
 udyati93@example.org ,Vyanjana Nori,7233668437
urishilla12@example.net, Kashvi Mohanty ,2807834256
saksham07@example.net,Advika Dube,2800886317
RATTAJASMIT@EXAMPLE.ORG,Anvi Merchant,47500 13255
,Urishilla Palla,47493 66350
chakrabartihemang@example.org, Xavier Bail ,09903 12765
misraradhika@example.org,Ekavir Ahuja,73042 56724
rahuja@example.net,Jonathan Jani,42174 20165
dhillonjagrati@example.net,Harinakshi Krishnamurthy, 9826731779 
yoshita53@example.com, Nisha Rajagopalan ,8510895719
 aahana77@example.org ,Hemangini Seth, 3078058645 
 PARTH64@EXAMPLE.NET ,Ranbir Bora,6174625051
 zhanda@example.com ,Aryan Parikh,37804 54201
memoncharvi@example.org,Gaurika Madan,38442 69143
VAGRAWAL@EXAMPLE.COM, CHASMUM SHANKAR , 1014436437 
RAJAGOPALANKRISHNA@EXAMPLE.COM,ISHAAN KIBE, 9753071793 
tvenkatesh@example.net,Yadavi Patla,12-AB
tanveerbakshi@example.org,VEDANT KANT,2147131551
krishadugal@example.net,Ria Setty,16216 59718
leena69@example.com,KALA MANDA,2074043554
balasubramaniantristan@example.org,Kiaan Shukla,80253 93836
LAKSHMIUPPAL@EXAMPLE.NET, Ekansh Sachdev ,0878380195
 advik60@example.org ,Aarush Saran, 7155982373 
kchar@example.org,Tanish Hari,5986122697
 varmakrishna@example.net , Ekansh Chanda ,34723 89266
saksham23@example.com, Dakshesh Mangal , 1838792270 
radha61@example.net,JANAKI NANDA,6079932582
 PARMERFINN@EXAMPLE.COM ,Krish Vyas,85066 69974
deeparaman@example.com,KAMYA RAGHAVAN,7082727017
ragate@example.org, Urmi Gour ,7004319409
 jagvi29@example.net , GABRIEL CHERIAN ,9498038344
watika50 at example.org, Omkaar Dewan , 6033477675 
 urvashi54@example.com ,Nidra Bumb,43804 35480
fdalia@example.com,Kamala Saini,5026177352
routdayita@example.org,Chaman Nayar,84676 63730
saanviratti@example.org,KASHVI NARAYAN,2281812922
aradhanachauhan@example.org,Oliver Raja,30204 97011
champaknadig@example.com,Aadhya Choudhry,37011 74727
lbadal@example.com,Yauvani Puri,14562 31833
 hardik92@example.com ,Madhavi Korpal, 4117615704 
BAGHYAWATIHAYER@EXAMPLE.NET,Hemal Mishra,2015633260
tejasnarang@example.org, Anika Kanda ,8796381258
girindradani@example.net,ESHANA MODI, 8044379747 
mandalfinn@example.com,JYOTI SATHE,4431963368
pjha@example.net,Utkarsh Varghese, 2502047846 
bordemanan@example.net,Yatan Arora,8559426808
PATWAL@EXAMPLE.NET,Chandresh Barad,22486 94257
fariqraghavan@example.org, Urishilla Pal ,5403666941
ekaraj91@example.com, Xalak Chaudry ,8176487851
 FARHAN74@EXAMPLE.COM ,Sanaya Kant, 5452806004 
anjali39@example.net,Harinakshi Lala, 59034 97198 
rachitabaria@example.com, Dev Choudhry , 3060416322 
VEDHIKA27@EXAMPLE.COM,Aarush Tara,1410746365
VRISHTI06@EXAMPLE.COM, Charles Badami ,74732 01090
bhattivincent@example.org,Saksham Krishnan,7922450736
,Pranit Viswanathan, 56661 20874 
gardelogan@example.org, Dalbir Pillay ,7736928628
SOLANKIWIDISHA@EXAMPLE.ORG,Indira Mani,1776590088
hkant@example.net, Ganga Palan ,0881698849
HORAISHAAN@EXAMPLE.COM,Vansha Talwar,78757 90890
 bhargavatristan@example.net ,Maanas Dugal,05021 61365
jananinaik@example.org,BIMALA SOOD, 0431130197 
 lnayak@example.com , Michael Brahmbhatt , 7422103455 
chamandave@example.com, Qarin Majumdar ,78591 82923
AYUSH38@EXAMPLE.COM,Lakshmi Dey,8047749017
 ayushman94@example.org , Sathvik Chakrabarti ,4119095636
ALEXANDERTALWAR@EXAMPLE.NET,ADITYA CHACKO,5341527996
,Urvashi Prakash,6546526023
 narangdipta@example.com , Rajata Iyer ,1556870553
 ANJALI27@EXAMPLE.COM ,Aradhana Bir,6460990154
ladliprasad@example.org,Gavin Walla,9920022714
yauvani37@example.org,Suhani Kara,44139 43992
MATTHEW43@EXAMPLE.ORG,Qadim Divan,94354 24128
tbasu@example.net, Priya Dhingra ,9578759132
dasgaurav@example.com,Arjun Bhasin, 68334 02890 
elijah06@example.org,Dakshesh Doctor,4229344188
DARSH03@EXAMPLE.COM,Leela Rau,4561751284
SJHA@EXAMPLE.NET,Reva Khare,87650 04565
champak36@example.com, Nandini Naidu ,47065 05624
 lnarula@example.com ,Mohammed Loyal,59427 63169
parthmitra@example.net,RAYAAN HALDER, 4186538159 
charan32@example.net,Baljiwan Butala, 4096073928 
 bimala80@example.org ,Zehaan Kothari,7395459669
PALLANVI@EXAMPLE.NET,Ayush Bhagat, 6147545890 
 SUNDARAMRIA@EXAMPLE.COM ,Jack Rao,2085122274
tgala@example.net, Urvashi Wason ,7657642454
 butalabalveer@example.net , Jackson Peri ,8436499330
 WBARAD@EXAMPLE.ORG ,Harinakshi Arora,07141 42760
 vedhika70@example.org , Amaira Devan ,4129595756
nchakraborty@example.com, CALEB DHAWAN ,32663 34011
charles70@example.net, Matthew Nair ,1152580648
ekansh45@example.com, AADHYA KARAN ,9820681044
 rbansal@example.net ,Vinaya Choudhry,92813 61744
jeremiah28@example.com,Yagnesh Prakash,5153791824
farassridhar@example.com,Maanav Amble,98096 50053
,Yauvani Pandit,null
